Run,ReleaseDate,LoadDate,spots,bases,spots_with_mates,avgLength,size_MB,AssemblyName,download_path,Experiment,LibraryName,LibraryStrategy,LibrarySelection,LibrarySource,LibraryLayout,InsertSize,InsertDev,Platform,Model,SRAStudy,BioProject,Study_Pubmed_id,ProjectID,Sample,BioSample,SampleType,TaxID,ScientificName,SampleName,g1k_pop_code,source,g1k_analysis_group,Subject_ID,Sex,Disease,Tumor,Affection_Status,Analyte_Type,Histological_Type,Body_Site,CenterName,Submission,dbgap_study_accession,Consent,RunHash,ReadHash
SRR9973961,2019-09-10 14:48:13,2019-08-15 22:24:26,648710836,63573661928,648710836,98,27124,,https://sra-downloadb.be-md.ncbi.nlm.nih.gov/sos2/sra-pub-run-17/SRR9973961/SRR9973961.1,SRX6721203,HiC-SU-50HPF-R1,Hi-C,RANDOM,GENOMIC,PAIRED,0,0,ILLUMINA,Illumina HiSeq 4000,SRP011814,PRJNA10736,1,10736,SRS5273495,SAMN12584931,simple,7668,Strongylocentrotus purpuratus,HiC_strPur_50hpf_rep1,,,,,,,no,,,,,CARNEGIE MELLON UNIVERSITY,SRA941464,,public,29AFF96D45AEA75C7244293EF40C4578,FD5BE57CDF0D1CCFB1B279E4F34DC5E2
SRR10002625,2019-09-10 14:48:13,2019-08-20 14:24:35,72184,716585477,0,9927,172,,https://sra-download.ncbi.nlm.nih.gov/traces/sra61/SRR/009768/SRR10002625,SRX6741557,spur_PBsubreads_m54089_190318_134651,WGS,size fractionation,GENOMIC,SINGLE,0,0,PACBIO_SMRT,Sequel,SRP011814,PRJNA10736,1,10736,SRS302087,SAMN00829422,simple,7668,Strongylocentrotus purpuratus,SPUR.00,,,,,male,,no,,,,,CARNEGIE MELLON UNIVERSITY,SRA944766,,public,307F83B808CF6DED9A4418334D90B599,8523459A8CC09C96223985A3C141306A
SRR10002626,2019-09-10 14:48:13,2019-08-20 14:20:21,529358,6067045638,0,11461,1459,,https://sra-download.ncbi.nlm.nih.gov/traces/sra57/SRR/009768/SRR10002626,SRX6741556,spur_PBsubreads_m54089_190318_032655,WGS,size fractionation,GENOMIC,SINGLE,0,0,PACBIO_SMRT,Sequel,SRP011814,PRJNA10736,1,10736,SRS302087,SAMN00829422,simple,7668,Strongylocentrotus purpuratus,SPUR.00,,,,,male,,no,,,,,CARNEGIE MELLON UNIVERSITY,SRA944766,,public,BE38BA557401BFF1A92E8676433EFBC5,FEFDC3B68CA2F242716D8CD614F29EDC
SRR10002627,2019-09-10 14:48:13,2019-08-20 14:20:37,534860,6427745527,0,12017,1546,,https://sra-download.ncbi.nlm.nih.gov/traces/sra56/SRR/009768/SRR10002627,SRX6741555,spur_PBsubreads_m54089_190317_170651,WGS,size fractionation,GENOMIC,SINGLE,0,0,PACBIO_SMRT,Sequel,SRP011814,PRJNA10736,1,10736,SRS302087,SAMN00829422,simple,7668,Strongylocentrotus purpuratus,SPUR.00,,,,,male,,no,,,,,CARNEGIE MELLON UNIVERSITY,SRA944766,,public,42F67E1B2EADBD60DC867ECDFF9E03CA,B68D9894BBAC9780E89D91F2359177C5
SRR10002628,2019-09-10 14:48:13,2019-08-20 14:27:09,617647,7213064382,0,11678,1735,,https://sra-download.ncbi.nlm.nih.gov/traces/sra42/SRR/009768/SRR10002628,SRX6741554,spur_PBsubreads_m54089_190317_064619,WGS,size fractionation,GENOMIC,SINGLE,0,0,PACBIO_SMRT,Sequel,SRP011814,PRJNA10736,1,10736,SRS302087,SAMN00829422,simple,7668,Strongylocentrotus purpuratus,SPUR.00,,,,,male,,no,,,,,CARNEGIE MELLON UNIVERSITY,SRA944766,,public,84A1A596F4355EBA5B49856586519ACE,2EF29CF38498511DC36E70DC1F2E79B3
SRR10002629,2019-09-10 14:48:13,2019-08-20 14:28:26,550450,6491205854,0,11792,1561,,https://sra-download.ncbi.nlm.nih.gov/traces/sra48/SRR/009768/SRR10002629,SRX6741553,spur_PBsubreads_m54089_190316_202628,WGS,size fractionation,GENOMIC,SINGLE,0,0,PACBIO_SMRT,Sequel,SRP011814,PRJNA10736,1,10736,SRS302087,SAMN00829422,simple,7668,Strongylocentrotus purpuratus,SPUR.00,,,,,male,,no,,,,,CARNEGIE MELLON UNIVERSITY,SRA944766,,public,D3C9C03C9BC08D173D29B4730FE7AB8E,5D5A62B70C2C89F1939521EE01DA32D4
SRR10002630,2019-09-10 14:48:13,2019-08-20 14:21:26,554983,6751403486,0,12165,1624,,https://sra-download.ncbi.nlm.nih.gov/traces/sra9/SRR/009768/SRR10002630,SRX6741552,spur_PBsubreads_m54089_190316_100637,WGS,size fractionation,GENOMIC,SINGLE,0,0,PACBIO_SMRT,Sequel,SRP011814,PRJNA10736,1,10736,SRS302087,SAMN00829422,simple,7668,Strongylocentrotus purpuratus,SPUR.00,,,,,male,,no,,,,,CARNEGIE MELLON UNIVERSITY,SRA944766,,public,A8F97304E699A44C84A5E0226DCFEA73,45404A36BCE61D7DF0D64D36E5FDEE54
SRR10002631,2019-09-10 14:48:13,2019-08-20 14:25:36,494982,6307155509,0,12742,1517,,https://sra-download.ncbi.nlm.nih.gov/traces/sra75/SRR/009768/SRR10002631,SRX6741551,spur_PBsubreads_m54089_190315_234615,WGS,size fractionation,GENOMIC,SINGLE,0,0,PACBIO_SMRT,Sequel,SRP011814,PRJNA10736,1,10736,SRS302087,SAMN00829422,simple,7668,Strongylocentrotus purpuratus,SPUR.00,,,,,male,,no,,,,,CARNEGIE MELLON UNIVERSITY,SRA944766,,public,6AF259D5B67629A04947A73F73AEE6D2,D451C93B6D3C12CD3CEEFBBC9EE2D513
SRR10002632,2019-09-10 14:48:13,2019-08-20 14:30:51,541081,6800433513,0,12568,1635,,https://sra-download.ncbi.nlm.nih.gov/traces/sra75/SRR/009768/SRR10002632,SRX6741550,spur_PBsubreads_m54089_190315_132819,WGS,size fractionation,GENOMIC,SINGLE,0,0,PACBIO_SMRT,Sequel,SRP011814,PRJNA10736,1,10736,SRS302087,SAMN00829422,simple,7668,Strongylocentrotus purpuratus,SPUR.00,,,,,male,,no,,,,,CARNEGIE MELLON UNIVERSITY,SRA944766,,public,62C9DC4D76D632686706787409918BF4,7065B5A527315D064F0F84B873EC4BA8
SRR10002633,2019-09-10 14:48:13,2019-08-20 14:28:28,715539,8043654682,0,11241,1935,,https://sra-download.ncbi.nlm.nih.gov/traces/sra61/SRR/009768/SRR10002633,SRX6741549,spur_PBsubreads_m54089_190321_120643,WGS,size fractionation,GENOMIC,SINGLE,0,0,PACBIO_SMRT,Sequel,SRP011814,PRJNA10736,1,10736,SRS302087,SAMN00829422,simple,7668,Strongylocentrotus purpuratus,SPUR.00,,,,,male,,no,,,,,CARNEGIE MELLON UNIVERSITY,SRA944766,,public,8CFF7093D50C79BF6E089CB3889AE5E3,9C6382E911A11CF83CE64402E772237F
SRR10002634,2019-09-10 14:48:13,2019-08-20 14:28:53,692412,7826820759,0,11303,1883,,https://sra-download.ncbi.nlm.nih.gov/traces/sra66/SRR/009768/SRR10002634,SRX6741548,spur_PBsubreads_m54089_190321_014645,WGS,size fractionation,GENOMIC,SINGLE,0,0,PACBIO_SMRT,Sequel,SRP011814,PRJNA10736,1,10736,SRS302087,SAMN00829422,simple,7668,Strongylocentrotus purpuratus,SPUR.00,,,,,male,,no,,,,,CARNEGIE MELLON UNIVERSITY,SRA944766,,public,1AABCB13613DD3AB63E87BB877F5A4D0,95F37A9B9CB7E5299036F9FC3C053A19
SRR10002635,2019-09-10 14:48:13,2019-08-20 14:32:49,667574,7686326238,0,11513,1849,,https://sra-download.ncbi.nlm.nih.gov/traces/sra61/SRR/009768/SRR10002635,SRX6741547,spur_PBsubreads_m54089_190321_222637,WGS,size fractionation,GENOMIC,SINGLE,0,0,PACBIO_SMRT,Sequel,SRP011814,PRJNA10736,1,10736,SRS302087,SAMN00829422,simple,7668,Strongylocentrotus purpuratus,SPUR.00,,,,,male,,no,,,,,CARNEGIE MELLON UNIVERSITY,SRA944766,,public,85BCDE012B5B89DE592A069256B39EB6,A9FD7ACFC497ADE8BB77E560F3D2877F
SRR10002636,2019-09-10 14:48:13,2019-08-21 02:50:50,299872,3977850673,0,13265,956,,https://sra-download.ncbi.nlm.nih.gov/traces/sra69/SRR/009768/SRR10002636,SRX6741546,spur_PBsubreads_m54089_190326_015654,WGS,size fractionation,GENOMIC,SINGLE,0,0,PACBIO_SMRT,Sequel,SRP011814,PRJNA10736,1,10736,SRS302087,SAMN00829422,simple,7668,Strongylocentrotus purpuratus,SPUR.00,,,,,male,,no,,,,,CARNEGIE MELLON UNIVERSITY,SRA944766,,public,54BB50B5E578D7F1A28EC1A5D98B87C9,3B4D1221D64927A28FB133EBEDA233C7
SRR10002637,2019-09-10 14:48:13,2019-08-21 02:51:39,436466,5555696799,0,12728,1336,,https://sra-download.ncbi.nlm.nih.gov/traces/sra3/SRR/009768/SRR10002637,SRX6741545,spur_PBsubreads_m54089_190310_065740,WGS,size fractionation,GENOMIC,SINGLE,0,0,PACBIO_SMRT,Sequel,SRP011814,PRJNA10736,1,10736,SRS302087,SAMN00829422,simple,7668,Strongylocentrotus purpuratus,SPUR.00,,,,,male,,no,,,,,CARNEGIE MELLON UNIVERSITY,SRA944766,,public,FF8EC0FEB9B28AE21BA9D490F28E6F78,3CEF57340F51FB7CBB5795F576B698A7
SRR10002638,2019-09-10 14:48:13,2019-08-21 02:55:37,508334,5986728392,0,11777,1440,,https://sra-download.ncbi.nlm.nih.gov/traces/sra53/SRR/009768/SRR10002638,SRX6741544,spur_PBsubreads_m54089_190309_203750,WGS,size fractionation,GENOMIC,SINGLE,0,0,PACBIO_SMRT,Sequel,SRP011814,PRJNA10736,1,10736,SRS302087,SAMN00829422,simple,7668,Strongylocentrotus purpuratus,SPUR.00,,,,,male,,no,,,,,CARNEGIE MELLON UNIVERSITY,SRA944766,,public,7D8DF393488E3CECACBA8719D708443B,239CF06F5394B76E5995E02C7CC399A7
SRR10002639,2019-09-10 14:48:13,2019-08-21 02:57:49,510502,5889483466,0,11536,1417,,https://sra-download.ncbi.nlm.nih.gov/traces/sra70/SRR/009768/SRR10002639,SRX6741543,spur_PBsubreads_m54089_190311_033628,WGS,size fractionation,GENOMIC,SINGLE,0,0,PACBIO_SMRT,Sequel,SRP011814,PRJNA10736,1,10736,SRS302087,SAMN00829422,simple,7668,Strongylocentrotus purpuratus,SPUR.00,,,,,male,,no,,,,,CARNEGIE MELLON UNIVERSITY,SRA944766,,public,3303795D20396B8FF579447650C5B2FC,0FDBC1723E30D099AB0E9767B44E0608
SRR10002640,2019-09-10 14:48:13,2019-08-21 02:59:16,445060,5700473602,0,12808,1371,,https://sra-download.ncbi.nlm.nih.gov/traces/sra31/SRR/009768/SRR10002640,SRX6741542,spur_PBsubreads_m54089_190310_171704,WGS,size fractionation,GENOMIC,SINGLE,0,0,PACBIO_SMRT,Sequel,SRP011814,PRJNA10736,1,10736,SRS302087,SAMN00829422,simple,7668,Strongylocentrotus purpuratus,SPUR.00,,,,,male,,no,,,,,CARNEGIE MELLON UNIVERSITY,SRA944766,,public,81CC08CADF80D2C22EB7AA0B3912E92D,87197430DB4EE7C247339A8ACC177910
SRR10002641,2019-09-10 14:48:13,2019-08-21 02:56:24,296753,3820138945,0,12873,918,,https://sra-download.ncbi.nlm.nih.gov/traces/sra14/SRR/009768/SRR10002641,SRX6741541,spur_PBsubreads_m54089_190308_134123,WGS,size fractionation,GENOMIC,SINGLE,0,0,PACBIO_SMRT,Sequel,SRP011814,PRJNA10736,1,10736,SRS302087,SAMN00829422,simple,7668,Strongylocentrotus purpuratus,SPUR.00,,,,,male,,no,,,,,CARNEGIE MELLON UNIVERSITY,SRA944766,,public,70A2AB109FB0C8CB6FB3DEB042C60810,C2CAC4ED543609287659ABBD11107FDF
SRR10002642,2019-09-10 14:48:13,2019-08-20 14:28:15,598516,6806531267,0,11372,1637,,https://sra-download.ncbi.nlm.nih.gov/traces/sra56/SRR/009768/SRR10002642,SRX6741540,spur_PBsubreads_m54089_190306_145819,WGS,size fractionation,GENOMIC,SINGLE,0,0,PACBIO_SMRT,Sequel,SRP011814,PRJNA10736,1,10736,SRS302087,SAMN00829422,simple,7668,Strongylocentrotus purpuratus,SPUR.00,,,,,male,,no,,,,,CARNEGIE MELLON UNIVERSITY,SRA944766,,public,64E905BE9C8D0111A470B5845BB81774,5CC4BBC2065A039893A1F898E25131B8
SRR10002643,2019-09-10 14:48:13,2019-08-21 02:54:18,330231,4497059587,0,13617,1081,,https://sra-download.ncbi.nlm.nih.gov/traces/sra59/SRR/009768/SRR10002643,SRX6741539,spur_PBsubreads_m54089_190309_101817,WGS,size fractionation,GENOMIC,SINGLE,0,0,PACBIO_SMRT,Sequel,SRP011814,PRJNA10736,1,10736,SRS302087,SAMN00829422,simple,7668,Strongylocentrotus purpuratus,SPUR.00,,,,,male,,no,,,,,CARNEGIE MELLON UNIVERSITY,SRA944766,,public,37E8832F73208621178461A7D799FA8D,AF9C2D1F3113C4583CEAF38DAE1F2AE0
SRR10002644,2019-09-10 14:48:13,2019-08-21 02:58:59,373311,4621914303,0,12380,1111,,https://sra-download.ncbi.nlm.nih.gov/traces/sra39/SRR/009768/SRR10002644,SRX6741538,spur_PBsubreads_m54089_190308_235844,WGS,size fractionation,GENOMIC,SINGLE,0,0,PACBIO_SMRT,Sequel,SRP011814,PRJNA10736,1,10736,SRS302087,SAMN00829422,simple,7668,Strongylocentrotus purpuratus,SPUR.00,,,,,male,,no,,,,,CARNEGIE MELLON UNIVERSITY,SRA944766,,public,DA41802A343DF6A92508E42AE9620C31,2FD9F9469391B2CB4B354D428150386F
SRR10002645,2019-09-10 14:48:13,2019-08-21 02:59:46,460630,5488377318,0,11914,1320,,https://sra-download.ncbi.nlm.nih.gov/traces/sra74/SRR/009768/SRR10002645,SRX6741537,spur_PBsubreads_m54089_190313_144829,WGS,size fractionation,GENOMIC,SINGLE,0,0,PACBIO_SMRT,Sequel,SRP011814,PRJNA10736,1,10736,SRS302087,SAMN00829422,simple,7668,Strongylocentrotus purpuratus,SPUR.00,,,,,male,,no,,,,,CARNEGIE MELLON UNIVERSITY,SRA944766,,public,AA6AC504B75D21C4FA8ECD46032BC893,B4E8A0A8611406788F832B3CE2FCB366
SRR10002646,2019-09-10 14:48:13,2019-08-20 14:25:02,85715,952058218,0,11107,229,,https://sra-download.ncbi.nlm.nih.gov/traces/sra45/SRR/009768/SRR10002646,SRX6741536,spur_PBsubreads_m54089_190311_135613,WGS,size fractionation,GENOMIC,SINGLE,0,0,PACBIO_SMRT,Sequel,SRP011814,PRJNA10736,1,10736,SRS302087,SAMN00829422,simple,7668,Strongylocentrotus purpuratus,SPUR.00,,,,,male,,no,,,,,CARNEGIE MELLON UNIVERSITY,SRA944766,,public,F6E98C7534BF0CA1C2805AE92CD1DCC5,B9D7929A5BEEFD4535ED8113D9ED084F
SRR446979,2012-03-21 23:37:10,2012-08-11 22:51:37,36360346,10908103800,36360346,300,6498,,https://sra-downloadb.be-md.ncbi.nlm.nih.gov/sos1/sra-pub-run-2/SRR446979/SRR446979.2,SRX130690,IWG_SPRG.S.ppuratusD-1_1pA,WGS,RANDOM,GENOMIC,PAIRED,1000,0,ILLUMINA,Illumina Genome Analyzer IIx,SRP011814,PRJNA10736,1,10736,SRS302087,SAMN00829422,simple,7668,Strongylocentrotus purpuratus,SPUR.00,,,,,male,,no,,,,,BCM,SRA051151,,public,27B0821038D13D68BA1EE0F4CCD91AE1,9BD967999B3091FE4FC91036E7DBD16E
SRR446980,2012-03-22 00:00:11,2012-08-11 22:52:40,42226667,12668000100,42226667,300,7730,,https://sra-downloadb.be-md.ncbi.nlm.nih.gov/sos1/sra-pub-run-2/SRR446980/SRR446980.2,SRX130691,IWG_SPRG.S.ppuratusD-1_1pB,WGS,RANDOM,GENOMIC,PAIRED,3000,0,ILLUMINA,Illumina Genome Analyzer IIx,SRP011814,PRJNA10736,1,10736,SRS302087,SAMN00829422,simple,7668,Strongylocentrotus purpuratus,SPUR.00,,,,,male,,no,,,,,BCM,SRA051151,,public,AE1DAF6E85E48CBD21A30908A82F6208,0974729F6D6674007CBE2478646F3163
SRR446981,2012-03-22 00:07:32,2012-08-11 22:52:31,42456479,12736943700,42456479,300,7866,,https://sra-downloadb.be-md.ncbi.nlm.nih.gov/sos1/sra-pub-run-2/SRR446981/SRR446981.2,SRX130692,IWG_SPRG.S.ppuratus-D-1_4pA,WGS,RANDOM,GENOMIC,PAIRED,5000,0,ILLUMINA,Illumina Genome Analyzer IIx,SRP011814,PRJNA10736,1,10736,SRS302087,SAMN00829422,simple,7668,Strongylocentrotus purpuratus,SPUR.00,,,,,male,,no,,,,,BCM,SRA051151,,public,4DDE5C3F115931EE4E8FF04760CD74F7,789AD4465BACB46AD5D684377DFDF611
SRR1503279,2014-07-01 18:05:09,2014-07-10 17:54:58,34563546,8640886500,34563546,250,4900,,https://sra-downloadb.be-md.ncbi.nlm.nih.gov/sos1/sra-pub-run-5/SRR1503279/SRR1503279.1,SRX643223,IWG_SPRG.S.purpuratus-D_5pA,WGS,RANDOM,GENOMIC,PAIRED,300,30,ILLUMINA,Illumina Genome Analyzer IIx,SRP011814,PRJNA10736,1,10736,SRS302087,SAMN00829422,simple,7668,Strongylocentrotus purpuratus,SPUR.00,,,,,male,,no,,,,,BCM,SRA173730,,public,7F0BB9EF4C6C0B41AF535A70B19A9A25,3C6B2FA637EDF7F2B4333F818C35A6B9
SRR1798645,2015-02-11 17:53:51,2015-02-11 17:50:09,81741,265473819,0,3247,1013,,https://sra-downloadb.be-md.ncbi.nlm.nih.gov/sos1/sra-pub-run-2/SRR1798645/SRR1798645.1,SRX873051,PZZ_NGTDRG.S.purp-A_1sA,WGS,RANDOM,GENOMIC,SINGLE,0,0,PACBIO_SMRT,PacBio RS,SRP011814,PRJNA10736,1,10736,SRS302087,SAMN00829422,simple,7668,Strongylocentrotus purpuratus,SPUR.00,,,,,male,,no,,,,,BCM,SRA238333,,public,C799FDCA3A2E1AD986B5A41F30560FC9,0AD3A96398E26810F9F1714B13A733F6
SRR1798646,2015-02-11 17:53:51,2015-02-11 17:48:54,81741,270054382,0,3303,1032,,https://sra-downloadb.be-md.ncbi.nlm.nih.gov/sos1/sra-pub-run-2/SRR1798646/SRR1798646.1,SRX873051,PZZ_NGTDRG.S.purp-A_1sA,WGS,RANDOM,GENOMIC,SINGLE,0,0,PACBIO_SMRT,PacBio RS,SRP011814,PRJNA10736,1,10736,SRS302087,SAMN00829422,simple,7668,Strongylocentrotus purpuratus,SPUR.00,,,,,male,,no,,,,,BCM,SRA238333,,public,2A6FE1FB6FDCE98ED8A1DDAC3885B140,12A78C5D49D423F25C57E962DDE258A2
SRR1798647,2015-02-11 17:53:51,2015-02-11 17:48:23,81741,210184877,0,2571,810,,https://sra-downloadb.be-md.ncbi.nlm.nih.gov/sos1/sra-pub-run-2/SRR1798647/SRR1798647.1,SRX873051,PZZ_NGTDRG.S.purp-A_1sA,WGS,RANDOM,GENOMIC,SINGLE,0,0,PACBIO_SMRT,PacBio RS,SRP011814,PRJNA10736,1,10736,SRS302087,SAMN00829422,simple,7668,Strongylocentrotus purpuratus,SPUR.00,,,,,male,,no,,,,,BCM,SRA238333,,public,BA6D0A6DB8B2BEAC1A387A3CD3CED88E,5B42A081E007083539A3459F195623A6
SRR1798648,2015-02-11 17:53:51,2015-02-11 17:48:55,81741,271414961,0,3320,1035,,https://sra-downloadb.be-md.ncbi.nlm.nih.gov/sos1/sra-pub-run-2/SRR1798648/SRR1798648.1,SRX873051,PZZ_NGTDRG.S.purp-A_1sA,WGS,RANDOM,GENOMIC,SINGLE,0,0,PACBIO_SMRT,PacBio RS,SRP011814,PRJNA10736,1,10736,SRS302087,SAMN00829422,simple,7668,Strongylocentrotus purpuratus,SPUR.00,,,,,male,,no,,,,,BCM,SRA238333,,public,0E1EEEF4945E888E4FD052550D511B6F,9533BDFC87C7ACC939231636750A1294
SRR1798649,2015-02-11 17:53:51,2015-02-11 17:51:23,163482,318454235,0,1947,1222,,https://sra-downloadb.be-md.ncbi.nlm.nih.gov/sos1/sra-pub-run-2/SRR1798649/SRR1798649.1,SRX873051,PZZ_NGTDRG.S.purp-A_1sA,WGS,RANDOM,GENOMIC,SINGLE,0,0,PACBIO_SMRT,PacBio RS,SRP011814,PRJNA10736,1,10736,SRS302087,SAMN00829422,simple,7668,Strongylocentrotus purpuratus,SPUR.00,,,,,male,,no,,,,,BCM,SRA238333,,public,2B46807649682F8FE08F57237C6163EA,7C06E459CF61660A4FF14B053929AA93
SRR1798650,2015-02-11 17:53:51,2015-02-11 17:49:20,81741,247537437,0,3028,953,,https://sra-downloadb.be-md.ncbi.nlm.nih.gov/sos1/sra-pub-run-2/SRR1798650/SRR1798650.1,SRX873051,PZZ_NGTDRG.S.purp-A_1sA,WGS,RANDOM,GENOMIC,SINGLE,0,0,PACBIO_SMRT,PacBio RS,SRP011814,PRJNA10736,1,10736,SRS302087,SAMN00829422,simple,7668,Strongylocentrotus purpuratus,SPUR.00,,,,,male,,no,,,,,BCM,SRA238333,,public,E2D36B1033D4DB4971E305E5198EC7A5,BCE15086796EEA7A47CD782F718FDD7C
SRR1798651,2015-02-11 17:53:51,2015-02-11 17:50:19,163482,302844548,0,1852,1155,,https://sra-downloadb.be-md.ncbi.nlm.nih.gov/sos1/sra-pub-run-2/SRR1798651/SRR1798651.1,SRX873051,PZZ_NGTDRG.S.purp-A_1sA,WGS,RANDOM,GENOMIC,SINGLE,0,0,PACBIO_SMRT,PacBio RS,SRP011814,PRJNA10736,1,10736,SRS302087,SAMN00829422,simple,7668,Strongylocentrotus purpuratus,SPUR.00,,,,,male,,no,,,,,BCM,SRA238333,,public,DE1233EE40C441B5ADF39431D31CA9E5,E4C7070FE243B91E82BD7A82279E0BC4
SRR1798652,2015-02-11 17:53:51,2015-02-11 17:48:53,81741,263449448,0,3222,1002,,https://sra-downloadb.be-md.ncbi.nlm.nih.gov/sos1/sra-pub-run-2/SRR1798652/SRR1798652.1,SRX873051,PZZ_NGTDRG.S.purp-A_1sA,WGS,RANDOM,GENOMIC,SINGLE,0,0,PACBIO_SMRT,PacBio RS,SRP011814,PRJNA10736,1,10736,SRS302087,SAMN00829422,simple,7668,Strongylocentrotus purpuratus,SPUR.00,,,,,male,,no,,,,,BCM,SRA238333,,public,8C86430F35A447556EBC48D16BC16201,CE05CBD1556D395A6BE9DA83CE654EB7
SRR1798653,2015-02-11 17:53:51,2015-02-11 17:50:16,163482,265631337,0,1624,1012,,https://sra-downloadb.be-md.ncbi.nlm.nih.gov/sos1/sra-pub-run-2/SRR1798653/SRR1798653.1,SRX873051,PZZ_NGTDRG.S.purp-A_1sA,WGS,RANDOM,GENOMIC,SINGLE,0,0,PACBIO_SMRT,PacBio RS,SRP011814,PRJNA10736,1,10736,SRS302087,SAMN00829422,simple,7668,Strongylocentrotus purpuratus,SPUR.00,,,,,male,,no,,,,,BCM,SRA238333,,public,FE6FCD3CACDFA8C8B4B1B957F4A7717A,DAADD5EC4516AD672B180B366001A030
SRR1798654,2015-02-11 17:53:51,2015-02-11 17:50:37,163482,293441835,0,1794,1121,,https://sra-downloadb.be-md.ncbi.nlm.nih.gov/sos1/sra-pub-run-2/SRR1798654/SRR1798654.1,SRX873051,PZZ_NGTDRG.S.purp-A_1sA,WGS,RANDOM,GENOMIC,SINGLE,0,0,PACBIO_SMRT,PacBio RS,SRP011814,PRJNA10736,1,10736,SRS302087,SAMN00829422,simple,7668,Strongylocentrotus purpuratus,SPUR.00,,,,,male,,no,,,,,BCM,SRA238333,,public,B55460D4B6FB9952EBD577819D2CCDA8,A11CB07827650E8E39F8DE1976DA43C9
SRR1798655,2015-02-11 17:53:51,2015-02-11 17:50:25,163482,276100117,0,1688,1057,,https://sra-downloadb.be-md.ncbi.nlm.nih.gov/sos1/sra-pub-run-2/SRR1798655/SRR1798655.1,SRX873051,PZZ_NGTDRG.S.purp-A_1sA,WGS,RANDOM,GENOMIC,SINGLE,0,0,PACBIO_SMRT,PacBio RS,SRP011814,PRJNA10736,1,10736,SRS302087,SAMN00829422,simple,7668,Strongylocentrotus purpuratus,SPUR.00,,,,,male,,no,,,,,BCM,SRA238333,,public,88AF9EF0BD4B1A49250273DC4E26A265,8BC9F948103F879244468FB15F4A99BA
SRR1798656,2015-02-11 17:48:37,2015-02-11 17:44:56,163482,291224355,0,1781,1120,,https://sra-downloadb.be-md.ncbi.nlm.nih.gov/sos1/sra-pub-run-2/SRR1798656/SRR1798656.1,SRX873051,PZZ_NGTDRG.S.purp-A_1sA,WGS,RANDOM,GENOMIC,SINGLE,0,0,PACBIO_SMRT,PacBio RS,SRP011814,PRJNA10736,1,10736,SRS302087,SAMN00829422,simple,7668,Strongylocentrotus purpuratus,SPUR.00,,,,,male,,no,,,,,BCM,SRA238333,,public,7AF859D7B020F4AB46D44363C93F4C92,1A64151248EE231314C0BEDAF28C61C5
SRR1798657,2015-02-11 17:48:37,2015-02-11 17:45:10,163482,298805113,0,1827,1136,,https://sra-downloadb.be-md.ncbi.nlm.nih.gov/sos1/sra-pub-run-2/SRR1798657/SRR1798657.1,SRX873051,PZZ_NGTDRG.S.purp-A_1sA,WGS,RANDOM,GENOMIC,SINGLE,0,0,PACBIO_SMRT,PacBio RS,SRP011814,PRJNA10736,1,10736,SRS302087,SAMN00829422,simple,7668,Strongylocentrotus purpuratus,SPUR.00,,,,,male,,no,,,,,BCM,SRA238333,,public,FAC9E5B04159AA0F74B248A40169A376,9E4603F3C1E2CB78D85732149DD1AC79
SRR1798658,2015-02-11 17:48:37,2015-02-11 17:43:29,81741,280041595,0,3425,1070,,https://sra-downloadb.be-md.ncbi.nlm.nih.gov/sos1/sra-pub-run-2/SRR1798658/SRR1798658.1,SRX873051,PZZ_NGTDRG.S.purp-A_1sA,WGS,RANDOM,GENOMIC,SINGLE,0,0,PACBIO_SMRT,PacBio RS,SRP011814,PRJNA10736,1,10736,SRS302087,SAMN00829422,simple,7668,Strongylocentrotus purpuratus,SPUR.00,,,,,male,,no,,,,,BCM,SRA238333,,public,BC14E0D19E116C64023424F70F546944,8A08FE73BE7139553D341C2C9EFD28B5
SRR1798659,2015-02-11 17:48:37,2015-02-11 17:45:20,163482,323032644,0,1975,1219,,https://sra-downloadb.be-md.ncbi.nlm.nih.gov/sos1/sra-pub-run-2/SRR1798659/SRR1798659.1,SRX873051,PZZ_NGTDRG.S.purp-A_1sA,WGS,RANDOM,GENOMIC,SINGLE,0,0,PACBIO_SMRT,PacBio RS,SRP011814,PRJNA10736,1,10736,SRS302087,SAMN00829422,simple,7668,Strongylocentrotus purpuratus,SPUR.00,,,,,male,,no,,,,,BCM,SRA238333,,public,F28ED31EAA1403D624127BE10258AEB5,529F1AF7D4974036BFE88684C9BC5946
SRR1798660,2015-02-11 17:48:37,2015-02-11 17:43:40,81741,314705282,0,3850,1194,,https://sra-downloadb.be-md.ncbi.nlm.nih.gov/sos1/sra-pub-run-2/SRR1798660/SRR1798660.1,SRX873051,PZZ_NGTDRG.S.purp-A_1sA,WGS,RANDOM,GENOMIC,SINGLE,0,0,PACBIO_SMRT,PacBio RS,SRP011814,PRJNA10736,1,10736,SRS302087,SAMN00829422,simple,7668,Strongylocentrotus purpuratus,SPUR.00,,,,,male,,no,,,,,BCM,SRA238333,,public,6FDC01C37AB8A069FB735F687D11F1ED,857699EDC781F53406EE94C7E13C0B22
SRR1798661,2015-02-11 17:48:37,2015-02-11 17:43:31,81741,329386422,0,4029,1254,,https://sra-downloadb.be-md.ncbi.nlm.nih.gov/sos1/sra-pub-run-2/SRR1798661/SRR1798661.1,SRX873051,PZZ_NGTDRG.S.purp-A_1sA,WGS,RANDOM,GENOMIC,SINGLE,0,0,PACBIO_SMRT,PacBio RS,SRP011814,PRJNA10736,1,10736,SRS302087,SAMN00829422,simple,7668,Strongylocentrotus purpuratus,SPUR.00,,,,,male,,no,,,,,BCM,SRA238333,,public,5F14FBC1A5C5C975B71730B010CF5A8A,D2C134C9FDEF697D3C95651A3B398393
SRR1798662,2015-02-11 17:48:37,2015-02-11 17:42:49,81741,308361785,0,3772,1176,,https://sra-downloadb.be-md.ncbi.nlm.nih.gov/sos1/sra-pub-run-2/SRR1798662/SRR1798662.1,SRX873051,PZZ_NGTDRG.S.purp-A_1sA,WGS,RANDOM,GENOMIC,SINGLE,0,0,PACBIO_SMRT,PacBio RS,SRP011814,PRJNA10736,1,10736,SRS302087,SAMN00829422,simple,7668,Strongylocentrotus purpuratus,SPUR.00,,,,,male,,no,,,,,BCM,SRA238333,,public,668364F05E9B4A3A69B8C955F168B6A6,17AA24C563AB46949CDDAD5ABEA2BC35
SRR1798663,2015-02-11 17:48:37,2015-02-11 17:42:23,81741,275280123,0,3367,1052,,https://sra-downloadb.be-md.ncbi.nlm.nih.gov/sos1/sra-pub-run-2/SRR1798663/SRR1798663.1,SRX873051,PZZ_NGTDRG.S.purp-A_1sA,WGS,RANDOM,GENOMIC,SINGLE,0,0,PACBIO_SMRT,PacBio RS,SRP011814,PRJNA10736,1,10736,SRS302087,SAMN00829422,simple,7668,Strongylocentrotus purpuratus,SPUR.00,,,,,male,,no,,,,,BCM,SRA238333,,public,14E4BA46A79483422DDE4CA42CA58F53,63878B1B07D65CD1A92F3632D4F72BCB
SRR1798664,2015-02-11 17:48:37,2015-02-11 17:42:46,81741,308439088,0,3773,1177,,https://sra-downloadb.be-md.ncbi.nlm.nih.gov/sos1/sra-pub-run-2/SRR1798664/SRR1798664.1,SRX873051,PZZ_NGTDRG.S.purp-A_1sA,WGS,RANDOM,GENOMIC,SINGLE,0,0,PACBIO_SMRT,PacBio RS,SRP011814,PRJNA10736,1,10736,SRS302087,SAMN00829422,simple,7668,Strongylocentrotus purpuratus,SPUR.00,,,,,male,,no,,,,,BCM,SRA238333,,public,EF4A4D44A25903179BEA5C035A2B2293,C9310BF262C26E916D5F825E528E536A
SRR1798665,2015-02-11 17:47:50,2015-02-11 17:43:50,81741,354680523,0,4339,1349,,https://sra-downloadb.be-md.ncbi.nlm.nih.gov/sos1/sra-pub-run-2/SRR1798665/SRR1798665.1,SRX873051,PZZ_NGTDRG.S.purp-A_1sA,WGS,RANDOM,GENOMIC,SINGLE,0,0,PACBIO_SMRT,PacBio RS,SRP011814,PRJNA10736,1,10736,SRS302087,SAMN00829422,simple,7668,Strongylocentrotus purpuratus,SPUR.00,,,,,male,,no,,,,,BCM,SRA238333,,public,C1F1F3C4C7020A2FF90361FCC9287305,B978E679A8726F0A3904B37378F68821
SRR1798666,2015-02-11 17:47:50,2015-02-11 17:45:30,81741,356743955,0,4364,1354,,https://sra-downloadb.be-md.ncbi.nlm.nih.gov/sos1/sra-pub-run-2/SRR1798666/SRR1798666.1,SRX873051,PZZ_NGTDRG.S.purp-A_1sA,WGS,RANDOM,GENOMIC,SINGLE,0,0,PACBIO_SMRT,PacBio RS,SRP011814,PRJNA10736,1,10736,SRS302087,SAMN00829422,simple,7668,Strongylocentrotus purpuratus,SPUR.00,,,,,male,,no,,,,,BCM,SRA238333,,public,A82210ECF5C97AF5427936F66A6B79DD,2274942B457821CC56DA530C1B2AEE71
SRR1798667,2015-02-11 17:47:50,2015-02-11 17:44:58,163482,342345664,0,2094,1314,,https://sra-downloadb.be-md.ncbi.nlm.nih.gov/sos1/sra-pub-run-2/SRR1798667/SRR1798667.1,SRX873051,PZZ_NGTDRG.S.purp-A_1sA,WGS,RANDOM,GENOMIC,SINGLE,0,0,PACBIO_SMRT,PacBio RS,SRP011814,PRJNA10736,1,10736,SRS302087,SAMN00829422,simple,7668,Strongylocentrotus purpuratus,SPUR.00,,,,,male,,no,,,,,BCM,SRA238333,,public,A7FCCEA1198FB51AFD87A2DD0A25FAF9,7C6B129164B691F686B95144A7493182
SRR1798668,2015-02-11 17:47:50,2015-02-11 17:42:25,81741,282590544,0,3457,1077,,https://sra-downloadb.be-md.ncbi.nlm.nih.gov/sos1/sra-pub-run-2/SRR1798668/SRR1798668.1,SRX873051,PZZ_NGTDRG.S.purp-A_1sA,WGS,RANDOM,GENOMIC,SINGLE,0,0,PACBIO_SMRT,PacBio RS,SRP011814,PRJNA10736,1,10736,SRS302087,SAMN00829422,simple,7668,Strongylocentrotus purpuratus,SPUR.00,,,,,male,,no,,,,,BCM,SRA238333,,public,322A659B322C11E0068D94131698EAB1,1C412C9B6722A0F44E10A259341B058D
SRR1798669,2015-02-11 17:47:50,2015-02-11 17:41:13,163482,74598305,0,456,303,,https://sra-downloadb.be-md.ncbi.nlm.nih.gov/sos1/sra-pub-run-2/SRR1798669/SRR1798669.1,SRX873051,PZZ_NGTDRG.S.purp-A_1sA,WGS,RANDOM,GENOMIC,SINGLE,0,0,PACBIO_SMRT,PacBio RS,SRP011814,PRJNA10736,1,10736,SRS302087,SAMN00829422,simple,7668,Strongylocentrotus purpuratus,SPUR.00,,,,,male,,no,,,,,BCM,SRA238333,,public,5C34A7332108C6ABF7E8202A437E095D,A7A7286092A2B6588BC17C84D8500A18
SRR1798670,2015-02-11 17:47:50,2015-02-11 17:42:31,163482,161490019,0,987,648,,https://sra-downloadb.be-md.ncbi.nlm.nih.gov/sos1/sra-pub-run-2/SRR1798670/SRR1798670.1,SRX873051,PZZ_NGTDRG.S.purp-A_1sA,WGS,RANDOM,GENOMIC,SINGLE,0,0,PACBIO_SMRT,PacBio RS,SRP011814,PRJNA10736,1,10736,SRS302087,SAMN00829422,simple,7668,Strongylocentrotus purpuratus,SPUR.00,,,,,male,,no,,,,,BCM,SRA238333,,public,9E0D04C47F33A555A003A3E5C387BE86,CA7FA02DF8E9C293440E2A9E92A1C72A
SRR1798671,2015-02-11 17:47:50,2015-02-11 17:39:18,163482,342297122,0,2093,1314,,https://sra-downloadb.be-md.ncbi.nlm.nih.gov/sos1/sra-pub-run-2/SRR1798671/SRR1798671.1,SRX873051,PZZ_NGTDRG.S.purp-A_1sA,WGS,RANDOM,GENOMIC,SINGLE,0,0,PACBIO_SMRT,PacBio RS,SRP011814,PRJNA10736,1,10736,SRS302087,SAMN00829422,simple,7668,Strongylocentrotus purpuratus,SPUR.00,,,,,male,,no,,,,,BCM,SRA238333,,public,89B70FD7AA6A34C4A213134F76A92C52,FD9814103569598510DB24926D68B60D
SRR1798672,2015-02-11 17:46:40,2015-02-11 17:39:35,163482,343661894,0,2102,1318,,https://sra-downloadb.be-md.ncbi.nlm.nih.gov/sos1/sra-pub-run-2/SRR1798672/SRR1798672.1,SRX873051,PZZ_NGTDRG.S.purp-A_1sA,WGS,RANDOM,GENOMIC,SINGLE,0,0,PACBIO_SMRT,PacBio RS,SRP011814,PRJNA10736,1,10736,SRS302087,SAMN00829422,simple,7668,Strongylocentrotus purpuratus,SPUR.00,,,,,male,,no,,,,,BCM,SRA238333,,public,AC8A228CB5E7346A47AA2D7561263A0B,A196F0D425BEF571881E2CE2096E091D
SRR1798673,2015-02-11 17:47:50,2015-02-11 17:40:10,163482,368507966,0,2254,1398,,https://sra-downloadb.be-md.ncbi.nlm.nih.gov/sos1/sra-pub-run-2/SRR1798673/SRR1798673.1,SRX873051,PZZ_NGTDRG.S.purp-A_1sA,WGS,RANDOM,GENOMIC,SINGLE,0,0,PACBIO_SMRT,PacBio RS,SRP011814,PRJNA10736,1,10736,SRS302087,SAMN00829422,simple,7668,Strongylocentrotus purpuratus,SPUR.00,,,,,male,,no,,,,,BCM,SRA238333,,public,94121C965544125A13D588A85FF4CCCE,06185B5F91C45C9ADCBDD37F7BD85E30
SRR1798674,2015-02-11 17:46:40,2015-02-11 17:39:26,163482,318444511,0,1947,1208,,https://sra-downloadb.be-md.ncbi.nlm.nih.gov/sos1/sra-pub-run-2/SRR1798674/SRR1798674.1,SRX873051,PZZ_NGTDRG.S.purp-A_1sA,WGS,RANDOM,GENOMIC,SINGLE,0,0,PACBIO_SMRT,PacBio RS,SRP011814,PRJNA10736,1,10736,SRS302087,SAMN00829422,simple,7668,Strongylocentrotus purpuratus,SPUR.00,,,,,male,,no,,,,,BCM,SRA238333,,public,13822CAF5A70A37FF6403053C56C0ED9,579C9B18AA4DF779448303538FC65FED
SRR1798675,2015-02-11 17:46:40,2015-02-11 17:38:09,81741,294763676,0,3606,1150,,https://sra-downloadb.be-md.ncbi.nlm.nih.gov/sos1/sra-pub-run-2/SRR1798675/SRR1798675.1,SRX873051,PZZ_NGTDRG.S.purp-A_1sA,WGS,RANDOM,GENOMIC,SINGLE,0,0,PACBIO_SMRT,PacBio RS,SRP011814,PRJNA10736,1,10736,SRS302087,SAMN00829422,simple,7668,Strongylocentrotus purpuratus,SPUR.00,,,,,male,,no,,,,,BCM,SRA238333,,public,49F36F05E195185469D26A82BD5A2948,D268ACD4E94D30ABBFD8D10D6614957D
SRR1798676,2015-02-11 17:45:42,2015-02-11 17:37:41,81741,310440760,0,3797,1212,,https://sra-downloadb.be-md.ncbi.nlm.nih.gov/sos1/sra-pub-run-2/SRR1798676/SRR1798676.1,SRX873051,PZZ_NGTDRG.S.purp-A_1sA,WGS,RANDOM,GENOMIC,SINGLE,0,0,PACBIO_SMRT,PacBio RS,SRP011814,PRJNA10736,1,10736,SRS302087,SAMN00829422,simple,7668,Strongylocentrotus purpuratus,SPUR.00,,,,,male,,no,,,,,BCM,SRA238333,,public,3179F38E30B9099EF13BF8D38C97BE73,D6B6B139EA3E8E2C6B302C735E376937
SRR1798677,2015-02-11 17:46:40,2015-02-11 17:38:28,81741,291672277,0,3568,1140,,https://sra-downloadb.be-md.ncbi.nlm.nih.gov/sos1/sra-pub-run-2/SRR1798677/SRR1798677.1,SRX873051,PZZ_NGTDRG.S.purp-A_1sA,WGS,RANDOM,GENOMIC,SINGLE,0,0,PACBIO_SMRT,PacBio RS,SRP011814,PRJNA10736,1,10736,SRS302087,SAMN00829422,simple,7668,Strongylocentrotus purpuratus,SPUR.00,,,,,male,,no,,,,,BCM,SRA238333,,public,97D2D161E3009EDCC8C6B24BFAD78E30,A1CFD6309C9305341E6C10233DD33F47
SRR1798678,2015-02-11 17:46:40,2015-02-11 17:37:50,81741,302823299,0,3704,1179,,https://sra-downloadb.be-md.ncbi.nlm.nih.gov/sos1/sra-pub-run-2/SRR1798678/SRR1798678.1,SRX873051,PZZ_NGTDRG.S.purp-A_1sA,WGS,RANDOM,GENOMIC,SINGLE,0,0,PACBIO_SMRT,PacBio RS,SRP011814,PRJNA10736,1,10736,SRS302087,SAMN00829422,simple,7668,Strongylocentrotus purpuratus,SPUR.00,,,,,male,,no,,,,,BCM,SRA238333,,public,76217A8B76538ED30FEE43DB00168D90,FB810735F53A10D7A7321B0AE285606C
SRR1798679,2015-02-11 17:46:40,2015-02-11 17:38:16,81741,322410033,0,3944,1247,,https://sra-downloadb.be-md.ncbi.nlm.nih.gov/sos1/sra-pub-run-2/SRR1798679/SRR1798679.1,SRX873051,PZZ_NGTDRG.S.purp-A_1sA,WGS,RANDOM,GENOMIC,SINGLE,0,0,PACBIO_SMRT,PacBio RS,SRP011814,PRJNA10736,1,10736,SRS302087,SAMN00829422,simple,7668,Strongylocentrotus purpuratus,SPUR.00,,,,,male,,no,,,,,BCM,SRA238333,,public,3ECED3C75FEB680847852E082279466D,7BB6247357F77E2EDC6FDA57D74839FC
SRR1798680,2015-02-11 17:45:42,2015-02-11 17:37:33,81741,331234872,0,4052,1287,,https://sra-downloadb.be-md.ncbi.nlm.nih.gov/sos1/sra-pub-run-2/SRR1798680/SRR1798680.1,SRX873051,PZZ_NGTDRG.S.purp-A_1sA,WGS,RANDOM,GENOMIC,SINGLE,0,0,PACBIO_SMRT,PacBio RS,SRP011814,PRJNA10736,1,10736,SRS302087,SAMN00829422,simple,7668,Strongylocentrotus purpuratus,SPUR.00,,,,,male,,no,,,,,BCM,SRA238333,,public,9F48226EF0E57729913C7D4FB04D9B86,167CA61BA2DA7FF0A3F4AC57D261E338
SRR1798681,2015-02-11 17:46:40,2015-02-11 17:34:53,81741,329418203,0,4030,1278,,https://sra-downloadb.be-md.ncbi.nlm.nih.gov/sos1/sra-pub-run-2/SRR1798681/SRR1798681.1,SRX873051,PZZ_NGTDRG.S.purp-A_1sA,WGS,RANDOM,GENOMIC,SINGLE,0,0,PACBIO_SMRT,PacBio RS,SRP011814,PRJNA10736,1,10736,SRS302087,SAMN00829422,simple,7668,Strongylocentrotus purpuratus,SPUR.00,,,,,male,,no,,,,,BCM,SRA238333,,public,295643F165ADCDFE516B06BCFA0EC5F6,BE945034431215D4C15C48B9AFB1EDAE
SRR1798682,2015-02-11 17:45:42,2015-02-11 17:40:03,81741,300442549,0,3675,1168,,https://sra-downloadb.be-md.ncbi.nlm.nih.gov/sos1/sra-pub-run-2/SRR1798682/SRR1798682.1,SRX873051,PZZ_NGTDRG.S.purp-A_1sA,WGS,RANDOM,GENOMIC,SINGLE,0,0,PACBIO_SMRT,PacBio RS,SRP011814,PRJNA10736,1,10736,SRS302087,SAMN00829422,simple,7668,Strongylocentrotus purpuratus,SPUR.00,,,,,male,,no,,,,,BCM,SRA238333,,public,6C64C83928EF4EAA73BAEE8525CE1186,0D13E9DA5E2D53A63C33E4721A28C4AD
SRR1798683,2015-02-11 17:45:42,2015-02-11 17:36:32,163482,290720635,0,1778,1103,,https://sra-downloadb.be-md.ncbi.nlm.nih.gov/sos1/sra-pub-run-2/SRR1798683/SRR1798683.1,SRX873051,PZZ_NGTDRG.S.purp-A_1sA,WGS,RANDOM,GENOMIC,SINGLE,0,0,PACBIO_SMRT,PacBio RS,SRP011814,PRJNA10736,1,10736,SRS302087,SAMN00829422,simple,7668,Strongylocentrotus purpuratus,SPUR.00,,,,,male,,no,,,,,BCM,SRA238333,,public,4C063DC721C87D4989D6E38F9359B71D,1C3EBD98FC138D06965B848F60596988
SRR1798684,2015-02-11 17:43:49,2015-02-11 17:35:47,163482,340281292,0,2081,1300,,https://sra-downloadb.be-md.ncbi.nlm.nih.gov/sos1/sra-pub-run-2/SRR1798684/SRR1798684.1,SRX873051,PZZ_NGTDRG.S.purp-A_1sA,WGS,RANDOM,GENOMIC,SINGLE,0,0,PACBIO_SMRT,PacBio RS,SRP011814,PRJNA10736,1,10736,SRS302087,SAMN00829422,simple,7668,Strongylocentrotus purpuratus,SPUR.00,,,,,male,,no,,,,,BCM,SRA238333,,public,3C8D336FC613A90B30DACFAE22E7CCEE,91C868201E9E08A089A89EE97F693BE3
SRR1798685,2015-02-11 17:42:05,2015-02-11 17:35:56,163482,380508822,0,2327,1447,,https://sra-downloadb.be-md.ncbi.nlm.nih.gov/sos1/sra-pub-run-2/SRR1798685/SRR1798685.1,SRX873051,PZZ_NGTDRG.S.purp-A_1sA,WGS,RANDOM,GENOMIC,SINGLE,0,0,PACBIO_SMRT,PacBio RS,SRP011814,PRJNA10736,1,10736,SRS302087,SAMN00829422,simple,7668,Strongylocentrotus purpuratus,SPUR.00,,,,,male,,no,,,,,BCM,SRA238333,,public,42EDF1BDDA2E615242E7E9D613CDBDC4,523339D076F0FB571AD7BB3D379B0369
SRR1798686,2015-02-11 17:42:05,2015-02-11 17:36:18,163482,364759715,0,2231,1389,,https://sra-downloadb.be-md.ncbi.nlm.nih.gov/sos1/sra-pub-run-2/SRR1798686/SRR1798686.1,SRX873051,PZZ_NGTDRG.S.purp-A_1sA,WGS,RANDOM,GENOMIC,SINGLE,0,0,PACBIO_SMRT,PacBio RS,SRP011814,PRJNA10736,1,10736,SRS302087,SAMN00829422,simple,7668,Strongylocentrotus purpuratus,SPUR.00,,,,,male,,no,,,,,BCM,SRA238333,,public,F9D010C79867C5FDF26E4511D3EC6578,5304D94E38155DE3DFFD98655B5C5D04
SRR1798687,2015-02-11 17:42:05,2015-02-11 17:35:24,163482,360972314,0,2208,1357,,https://sra-downloadb.be-md.ncbi.nlm.nih.gov/sos1/sra-pub-run-2/SRR1798687/SRR1798687.1,SRX873051,PZZ_NGTDRG.S.purp-A_1sA,WGS,RANDOM,GENOMIC,SINGLE,0,0,PACBIO_SMRT,PacBio RS,SRP011814,PRJNA10736,1,10736,SRS302087,SAMN00829422,simple,7668,Strongylocentrotus purpuratus,SPUR.00,,,,,male,,no,,,,,BCM,SRA238333,,public,FE5B82CAC2A26B0919FAFE7075FA2076,C171943D7E07812695A49DE51B04DDEF
SRR1798688,2015-02-11 17:40:25,2015-02-11 17:35:12,163482,291808854,0,1784,1114,,https://sra-downloadb.be-md.ncbi.nlm.nih.gov/sos1/sra-pub-run-2/SRR1798688/SRR1798688.1,SRX873051,PZZ_NGTDRG.S.purp-A_1sA,WGS,RANDOM,GENOMIC,SINGLE,0,0,PACBIO_SMRT,PacBio RS,SRP011814,PRJNA10736,1,10736,SRS302087,SAMN00829422,simple,7668,Strongylocentrotus purpuratus,SPUR.00,,,,,male,,no,,,,,BCM,SRA238333,,public,0D34D9063754EE22F8BC4D51BFB13F79,F6476F52396B8A12CB2ABDE63A67C637
SRR1798689,2015-02-11 17:39:52,2015-02-11 17:34:48,163482,352630438,0,2156,1339,,https://sra-downloadb.be-md.ncbi.nlm.nih.gov/sos1/sra-pub-run-2/SRR1798689/SRR1798689.1,SRX873051,PZZ_NGTDRG.S.purp-A_1sA,WGS,RANDOM,GENOMIC,SINGLE,0,0,PACBIO_SMRT,PacBio RS,SRP011814,PRJNA10736,1,10736,SRS302087,SAMN00829422,simple,7668,Strongylocentrotus purpuratus,SPUR.00,,,,,male,,no,,,,,BCM,SRA238333,,public,30FA48E27E63B3D811AA0F788C66ECF7,49B726D2B55A43CFDD65BFFC86A1A63B
SRR1798690,2015-02-11 17:39:52,2015-02-11 17:36:02,163482,297665949,0,1820,1128,,https://sra-downloadb.be-md.ncbi.nlm.nih.gov/sos1/sra-pub-run-2/SRR1798690/SRR1798690.1,SRX873051,PZZ_NGTDRG.S.purp-A_1sA,WGS,RANDOM,GENOMIC,SINGLE,0,0,PACBIO_SMRT,PacBio RS,SRP011814,PRJNA10736,1,10736,SRS302087,SAMN00829422,simple,7668,Strongylocentrotus purpuratus,SPUR.00,,,,,male,,no,,,,,BCM,SRA238333,,public,6031BB3B34193B7D4B8ED7EFF2C1C5D4,999F2F74BF9C33BDA09E7018F0BA7ED5
SRR1798691,2015-02-11 17:38:58,2015-02-11 17:32:18,163482,344852736,0,2109,1294,,https://sra-downloadb.be-md.ncbi.nlm.nih.gov/sos1/sra-pub-run-2/SRR1798691/SRR1798691.1,SRX873051,PZZ_NGTDRG.S.purp-A_1sA,WGS,RANDOM,GENOMIC,SINGLE,0,0,PACBIO_SMRT,PacBio RS,SRP011814,PRJNA10736,1,10736,SRS302087,SAMN00829422,simple,7668,Strongylocentrotus purpuratus,SPUR.00,,,,,male,,no,,,,,BCM,SRA238333,,public,FF018B3327107816F7B149454FDE4707,B501E6C54CAB6B2B615D47A4D5F1AF59
SRR1798692,2015-02-11 17:38:58,2015-02-11 17:30:11,163482,262607559,0,1606,999,,https://sra-downloadb.be-md.ncbi.nlm.nih.gov/sos1/sra-pub-run-2/SRR1798692/SRR1798692.1,SRX873051,PZZ_NGTDRG.S.purp-A_1sA,WGS,RANDOM,GENOMIC,SINGLE,0,0,PACBIO_SMRT,PacBio RS,SRP011814,PRJNA10736,1,10736,SRS302087,SAMN00829422,simple,7668,Strongylocentrotus purpuratus,SPUR.00,,,,,male,,no,,,,,BCM,SRA238333,,public,6CD5B72CCCB8A9C8ADA1867001F7EC69,4A250CE25A8DA02B4BCB25325979FE95
SRR1798693,2015-02-11 17:37:59,2015-02-11 17:34:10,163482,253061456,0,1547,949,,https://sra-downloadb.be-md.ncbi.nlm.nih.gov/sos1/sra-pub-run-2/SRR1798693/SRR1798693.1,SRX873051,PZZ_NGTDRG.S.purp-A_1sA,WGS,RANDOM,GENOMIC,SINGLE,0,0,PACBIO_SMRT,PacBio RS,SRP011814,PRJNA10736,1,10736,SRS302087,SAMN00829422,simple,7668,Strongylocentrotus purpuratus,SPUR.00,,,,,male,,no,,,,,BCM,SRA238333,,public,A445757277C1A0F717121675D8BD10AE,B18B80C68491C93EC89605D3F3EE0878
SRR1798694,2015-02-11 17:29:05,2015-02-11 17:27:21,81741,277775080,0,3398,1059,,https://sra-downloadb.be-md.ncbi.nlm.nih.gov/sos1/sra-pub-run-2/SRR1798694/SRR1798694.1,SRX873051,PZZ_NGTDRG.S.purp-A_1sA,WGS,RANDOM,GENOMIC,SINGLE,0,0,PACBIO_SMRT,PacBio RS,SRP011814,PRJNA10736,1,10736,SRS302087,SAMN00829422,simple,7668,Strongylocentrotus purpuratus,SPUR.00,,,,,male,,no,,,,,BCM,SRA238333,,public,FAB504DF27F07C4DC597F387DFCE47B1,7137B3D1352189711499426EA519ADAE
SRR1798695,2015-02-11 17:29:05,2015-02-11 17:26:40,81741,266933225,0,3265,1017,,https://sra-downloadb.be-md.ncbi.nlm.nih.gov/sos1/sra-pub-run-2/SRR1798695/SRR1798695.1,SRX873051,PZZ_NGTDRG.S.purp-A_1sA,WGS,RANDOM,GENOMIC,SINGLE,0,0,PACBIO_SMRT,PacBio RS,SRP011814,PRJNA10736,1,10736,SRS302087,SAMN00829422,simple,7668,Strongylocentrotus purpuratus,SPUR.00,,,,,male,,no,,,,,BCM,SRA238333,,public,D4C6DED1D581A04886AF340A302655FF,B93A0AAA24A67F2FDC1D59E5C0BC264B
SRR1798696,2015-02-11 17:29:05,2015-02-11 17:25:00,81741,227083826,0,2778,873,,https://sra-downloadb.be-md.ncbi.nlm.nih.gov/sos1/sra-pub-run-2/SRR1798696/SRR1798696.1,SRX873051,PZZ_NGTDRG.S.purp-A_1sA,WGS,RANDOM,GENOMIC,SINGLE,0,0,PACBIO_SMRT,PacBio RS,SRP011814,PRJNA10736,1,10736,SRS302087,SAMN00829422,simple,7668,Strongylocentrotus purpuratus,SPUR.00,,,,,male,,no,,,,,BCM,SRA238333,,public,FEC84327CD6F6D56D8CBB0B09E30A461,3B73CE822423FBF14F1E342417353FA6
SRR1798697,2015-02-11 17:29:05,2015-02-11 17:25:21,81741,229737120,0,2810,886,,https://sra-downloadb.be-md.ncbi.nlm.nih.gov/sos1/sra-pub-run-2/SRR1798697/SRR1798697.1,SRX873051,PZZ_NGTDRG.S.purp-A_1sA,WGS,RANDOM,GENOMIC,SINGLE,0,0,PACBIO_SMRT,PacBio RS,SRP011814,PRJNA10736,1,10736,SRS302087,SAMN00829422,simple,7668,Strongylocentrotus purpuratus,SPUR.00,,,,,male,,no,,,,,BCM,SRA238333,,public,D41AC88D9C290FD68C6887E7BDCA0FC0,FA26925D1D588A21B14EEE9B3A64BD8B
SRR1798698,2015-02-11 17:28:03,2015-02-11 17:24:33,163482,349304100,0,2136,1338,,https://sra-downloadb.be-md.ncbi.nlm.nih.gov/sos1/sra-pub-run-2/SRR1798698/SRR1798698.1,SRX873051,PZZ_NGTDRG.S.purp-A_1sA,WGS,RANDOM,GENOMIC,SINGLE,0,0,PACBIO_SMRT,PacBio RS,SRP011814,PRJNA10736,1,10736,SRS302087,SAMN00829422,simple,7668,Strongylocentrotus purpuratus,SPUR.00,,,,,male,,no,,,,,BCM,SRA238333,,public,F4A1483A9926EA843628584ED36A3D1A,6B31EE18B4D4B2D474A9FBD453C6BA87
SRR1798699,2015-02-11 17:28:03,2015-02-11 17:23:00,163482,369517545,0,2260,1408,,https://sra-downloadb.be-md.ncbi.nlm.nih.gov/sos1/sra-pub-run-2/SRR1798699/SRR1798699.1,SRX873051,PZZ_NGTDRG.S.purp-A_1sA,WGS,RANDOM,GENOMIC,SINGLE,0,0,PACBIO_SMRT,PacBio RS,SRP011814,PRJNA10736,1,10736,SRS302087,SAMN00829422,simple,7668,Strongylocentrotus purpuratus,SPUR.00,,,,,male,,no,,,,,BCM,SRA238333,,public,8F1AD2D96B57C7765CC6EE8A6905B5FD,DD879A3112BF44686B55689CBCF58460
SRR1798700,2015-02-11 17:24:38,2015-02-11 17:17:48,81741,298599855,0,3652,1140,,https://sra-downloadb.be-md.ncbi.nlm.nih.gov/sos1/sra-pub-run-2/SRR1798700/SRR1798700.1,SRX873051,PZZ_NGTDRG.S.purp-A_1sA,WGS,RANDOM,GENOMIC,SINGLE,0,0,PACBIO_SMRT,PacBio RS,SRP011814,PRJNA10736,1,10736,SRS302087,SAMN00829422,simple,7668,Strongylocentrotus purpuratus,SPUR.00,,,,,male,,no,,,,,BCM,SRA238333,,public,8A02E2C482DED63E5E040BB463BA4050,B1DC1B628CADC607BB7386D58B16F1E6
SRR1798701,2015-02-11 17:24:38,2015-02-11 17:21:32,163482,361402695,0,2210,1379,,https://sra-downloadb.be-md.ncbi.nlm.nih.gov/sos1/sra-pub-run-2/SRR1798701/SRR1798701.1,SRX873051,PZZ_NGTDRG.S.purp-A_1sA,WGS,RANDOM,GENOMIC,SINGLE,0,0,PACBIO_SMRT,PacBio RS,SRP011814,PRJNA10736,1,10736,SRS302087,SAMN00829422,simple,7668,Strongylocentrotus purpuratus,SPUR.00,,,,,male,,no,,,,,BCM,SRA238333,,public,3BBBED41C6409424894FFD07B6D1C1E8,875E9245E703802029882F28C85F6C03
SRR1798702,2015-02-11 17:24:38,2015-02-11 17:17:51,81741,264705182,0,3238,1010,,https://sra-downloadb.be-md.ncbi.nlm.nih.gov/sos1/sra-pub-run-2/SRR1798702/SRR1798702.1,SRX873051,PZZ_NGTDRG.S.purp-A_1sA,WGS,RANDOM,GENOMIC,SINGLE,0,0,PACBIO_SMRT,PacBio RS,SRP011814,PRJNA10736,1,10736,SRS302087,SAMN00829422,simple,7668,Strongylocentrotus purpuratus,SPUR.00,,,,,male,,no,,,,,BCM,SRA238333,,public,70FE8C3A95EE34C9801AD93B3DC89494,376BF9EE0F57E95EDD866C621A6A4EF3
SRR1798703,2015-02-11 17:24:38,2015-02-11 17:19:25,163482,355531047,0,2174,1350,,https://sra-downloadb.be-md.ncbi.nlm.nih.gov/sos1/sra-pub-run-2/SRR1798703/SRR1798703.1,SRX873051,PZZ_NGTDRG.S.purp-A_1sA,WGS,RANDOM,GENOMIC,SINGLE,0,0,PACBIO_SMRT,PacBio RS,SRP011814,PRJNA10736,1,10736,SRS302087,SAMN00829422,simple,7668,Strongylocentrotus purpuratus,SPUR.00,,,,,male,,no,,,,,BCM,SRA238333,,public,685A9B6E25BA7E5B19E89F71D08F0C4C,CBCC2F3F7B5AD7B0C09AD5B22EEC360F
SRR1798704,2015-02-11 17:18:13,2015-02-11 17:12:01,81741,377809615,0,4622,1430,,https://sra-downloadb.be-md.ncbi.nlm.nih.gov/sos1/sra-pub-run-2/SRR1798704/SRR1798704.1,SRX873051,PZZ_NGTDRG.S.purp-A_1sA,WGS,RANDOM,GENOMIC,SINGLE,0,0,PACBIO_SMRT,PacBio RS,SRP011814,PRJNA10736,1,10736,SRS302087,SAMN00829422,simple,7668,Strongylocentrotus purpuratus,SPUR.00,,,,,male,,no,,,,,BCM,SRA238333,,public,BE9667AB4C031B9BF86DA06FBB147BF6,03673A8E91A3CED1C2E32134841B05A5
SRR1798705,2015-02-11 17:18:13,2015-02-11 17:15:02,163482,418676217,0,2560,1580,,https://sra-downloadb.be-md.ncbi.nlm.nih.gov/sos1/sra-pub-run-2/SRR1798705/SRR1798705.1,SRX873051,PZZ_NGTDRG.S.purp-A_1sA,WGS,RANDOM,GENOMIC,SINGLE,0,0,PACBIO_SMRT,PacBio RS,SRP011814,PRJNA10736,1,10736,SRS302087,SAMN00829422,simple,7668,Strongylocentrotus purpuratus,SPUR.00,,,,,male,,no,,,,,BCM,SRA238333,,public,E748EF90F594D9F7FACFDFD2B18B627F,6677FB40F361B76867D50A6394B99F3A
SRR1798706,2015-02-11 17:18:13,2015-02-11 17:13:32,163482,339740452,0,2078,1302,,https://sra-downloadb.be-md.ncbi.nlm.nih.gov/sos1/sra-pub-run-2/SRR1798706/SRR1798706.1,SRX873051,PZZ_NGTDRG.S.purp-A_1sA,WGS,RANDOM,GENOMIC,SINGLE,0,0,PACBIO_SMRT,PacBio RS,SRP011814,PRJNA10736,1,10736,SRS302087,SAMN00829422,simple,7668,Strongylocentrotus purpuratus,SPUR.00,,,,,male,,no,,,,,BCM,SRA238333,,public,4371E3960211CDBE19594D836FDA38BF,AFCD619CC6A133056795A3AE1EE8DE2C
SRR1798707,2015-02-11 17:18:13,2015-02-11 17:13:28,163482,368929696,0,2256,1412,,https://sra-downloadb.be-md.ncbi.nlm.nih.gov/sos1/sra-pub-run-2/SRR1798707/SRR1798707.1,SRX873051,PZZ_NGTDRG.S.purp-A_1sA,WGS,RANDOM,GENOMIC,SINGLE,0,0,PACBIO_SMRT,PacBio RS,SRP011814,PRJNA10736,1,10736,SRS302087,SAMN00829422,simple,7668,Strongylocentrotus purpuratus,SPUR.00,,,,,male,,no,,,,,BCM,SRA238333,,public,F298C4E276654AD63374EC913350E089,1F2209BFCB1D5D2C7D760FE00EE7FF82
SRR1798708,2015-02-11 17:18:13,2015-02-11 17:12:24,163482,133175017,0,814,528,,https://sra-downloadb.be-md.ncbi.nlm.nih.gov/sos1/sra-pub-run-2/SRR1798708/SRR1798708.1,SRX873051,PZZ_NGTDRG.S.purp-A_1sA,WGS,RANDOM,GENOMIC,SINGLE,0,0,PACBIO_SMRT,PacBio RS,SRP011814,PRJNA10736,1,10736,SRS302087,SAMN00829422,simple,7668,Strongylocentrotus purpuratus,SPUR.00,,,,,male,,no,,,,,BCM,SRA238333,,public,5E32BC147552739A51B647873621D32B,70E1A86F7EA4E3888A1084FE2CA5194B
SRR1798709,2015-02-11 17:18:13,2015-02-11 17:12:11,81741,279689324,0,3421,1070,,https://sra-downloadb.be-md.ncbi.nlm.nih.gov/sos1/sra-pub-run-2/SRR1798709/SRR1798709.1,SRX873051,PZZ_NGTDRG.S.purp-A_1sA,WGS,RANDOM,GENOMIC,SINGLE,0,0,PACBIO_SMRT,PacBio RS,SRP011814,PRJNA10736,1,10736,SRS302087,SAMN00829422,simple,7668,Strongylocentrotus purpuratus,SPUR.00,,,,,male,,no,,,,,BCM,SRA238333,,public,AB6AB5D3D7F3E05AE17E9AFA712FA163,EB93E45AA10F294DE2AABC4807555647
SRR1798710,2015-02-11 17:18:13,2015-02-11 17:12:43,163482,260229551,0,1591,1018,,https://sra-downloadb.be-md.ncbi.nlm.nih.gov/sos1/sra-pub-run-2/SRR1798710/SRR1798710.1,SRX873051,PZZ_NGTDRG.S.purp-A_1sA,WGS,RANDOM,GENOMIC,SINGLE,0,0,PACBIO_SMRT,PacBio RS,SRP011814,PRJNA10736,1,10736,SRS302087,SAMN00829422,simple,7668,Strongylocentrotus purpuratus,SPUR.00,,,,,male,,no,,,,,BCM,SRA238333,,public,F22C5C79A54D4A66CE595CD4589875E0,072D6939A91DD68D8375E0D2CA198B92
SRR1798711,2015-02-11 17:18:13,2015-02-11 17:12:12,163482,258840842,0,1583,1015,,https://sra-downloadb.be-md.ncbi.nlm.nih.gov/sos1/sra-pub-run-2/SRR1798711/SRR1798711.1,SRX873051,PZZ_NGTDRG.S.purp-A_1sA,WGS,RANDOM,GENOMIC,SINGLE,0,0,PACBIO_SMRT,PacBio RS,SRP011814,PRJNA10736,1,10736,SRS302087,SAMN00829422,simple,7668,Strongylocentrotus purpuratus,SPUR.00,,,,,male,,no,,,,,BCM,SRA238333,,public,EC277299C0C8F27996D04F90BDEC8D89,8365F5A0779AEF854A451663D8FCA7B2
SRR1798712,2015-02-11 17:18:13,2015-02-11 17:12:10,163482,254034072,0,1553,1004,,https://sra-downloadb.be-md.ncbi.nlm.nih.gov/sos1/sra-pub-run-2/SRR1798712/SRR1798712.1,SRX873051,PZZ_NGTDRG.S.purp-A_1sA,WGS,RANDOM,GENOMIC,SINGLE,0,0,PACBIO_SMRT,PacBio RS,SRP011814,PRJNA10736,1,10736,SRS302087,SAMN00829422,simple,7668,Strongylocentrotus purpuratus,SPUR.00,,,,,male,,no,,,,,BCM,SRA238333,,public,FAE91F02BA08BE64877F03FF2679B867,7023C26C016ED47566E78ED4889E557F
SRR1798713,2015-02-11 17:18:13,2015-02-11 17:10:21,163482,251940867,0,1541,994,,https://sra-downloadb.be-md.ncbi.nlm.nih.gov/sos1/sra-pub-run-2/SRR1798713/SRR1798713.1,SRX873051,PZZ_NGTDRG.S.purp-A_1sA,WGS,RANDOM,GENOMIC,SINGLE,0,0,PACBIO_SMRT,PacBio RS,SRP011814,PRJNA10736,1,10736,SRS302087,SAMN00829422,simple,7668,Strongylocentrotus purpuratus,SPUR.00,,,,,male,,no,,,,,BCM,SRA238333,,public,1986C00684EE95341A1601641B583E94,6E51BE0781E638A448C311FA5E57DD35
SRR1798714,2015-02-11 17:18:13,2015-02-11 17:10:52,163482,294588276,0,1801,1164,,https://sra-downloadb.be-md.ncbi.nlm.nih.gov/sos1/sra-pub-run-2/SRR1798714/SRR1798714.1,SRX873051,PZZ_NGTDRG.S.purp-A_1sA,WGS,RANDOM,GENOMIC,SINGLE,0,0,PACBIO_SMRT,PacBio RS,SRP011814,PRJNA10736,1,10736,SRS302087,SAMN00829422,simple,7668,Strongylocentrotus purpuratus,SPUR.00,,,,,male,,no,,,,,BCM,SRA238333,,public,3ADFC961EDEDF90FD109C4AF51EB8BFE,144CBD940E1F8192A3A05CF274ED29D3
SRR1798715,2015-02-11 17:18:13,2015-02-11 17:12:47,163482,271596456,0,1661,1070,,https://sra-downloadb.be-md.ncbi.nlm.nih.gov/sos1/sra-pub-run-2/SRR1798715/SRR1798715.1,SRX873051,PZZ_NGTDRG.S.purp-A_1sA,WGS,RANDOM,GENOMIC,SINGLE,0,0,PACBIO_SMRT,PacBio RS,SRP011814,PRJNA10736,1,10736,SRS302087,SAMN00829422,simple,7668,Strongylocentrotus purpuratus,SPUR.00,,,,,male,,no,,,,,BCM,SRA238333,,public,229A958AEEB03641C25C08AEC1629D55,DB52F7D093737877F1B28C822875AF40
SRR1798716,2015-02-11 17:18:13,2015-02-11 17:10:33,163482,308507484,0,1887,1212,,https://sra-downloadb.be-md.ncbi.nlm.nih.gov/sos1/sra-pub-run-2/SRR1798716/SRR1798716.1,SRX873051,PZZ_NGTDRG.S.purp-A_1sA,WGS,RANDOM,GENOMIC,SINGLE,0,0,PACBIO_SMRT,PacBio RS,SRP011814,PRJNA10736,1,10736,SRS302087,SAMN00829422,simple,7668,Strongylocentrotus purpuratus,SPUR.00,,,,,male,,no,,,,,BCM,SRA238333,,public,DD14F3967289DD7357C323510ABE4D11,FCAC3A12A2DF2AE2CDEBC118B349EAE6
SRR1798717,2015-02-11 17:18:13,2015-02-11 17:09:10,81741,263176424,0,3219,1003,,https://sra-downloadb.be-md.ncbi.nlm.nih.gov/sos1/sra-pub-run-2/SRR1798717/SRR1798717.1,SRX873051,PZZ_NGTDRG.S.purp-A_1sA,WGS,RANDOM,GENOMIC,SINGLE,0,0,PACBIO_SMRT,PacBio RS,SRP011814,PRJNA10736,1,10736,SRS302087,SAMN00829422,simple,7668,Strongylocentrotus purpuratus,SPUR.00,,,,,male,,no,,,,,BCM,SRA238333,,public,25F4B81D809C0463EB4ED2DAA57C36E5,5ECA45F8472A3FC673B5E4D8A39CEB8C
SRR1798718,2015-02-11 17:18:13,2015-02-11 17:09:51,163482,277412442,0,1696,1093,,https://sra-downloadb.be-md.ncbi.nlm.nih.gov/sos1/sra-pub-run-2/SRR1798718/SRR1798718.1,SRX873051,PZZ_NGTDRG.S.purp-A_1sA,WGS,RANDOM,GENOMIC,SINGLE,0,0,PACBIO_SMRT,PacBio RS,SRP011814,PRJNA10736,1,10736,SRS302087,SAMN00829422,simple,7668,Strongylocentrotus purpuratus,SPUR.00,,,,,male,,no,,,,,BCM,SRA238333,,public,FEF1D918A9EE74E11668DB71936101E0,C5AB1F821F449277AF8E58AC2B90A097
SRR1798719,2015-02-11 17:18:13,2015-02-11 17:11:20,163482,362429417,0,2216,1376,,https://sra-downloadb.be-md.ncbi.nlm.nih.gov/sos1/sra-pub-run-2/SRR1798719/SRR1798719.1,SRX873051,PZZ_NGTDRG.S.purp-A_1sA,WGS,RANDOM,GENOMIC,SINGLE,0,0,PACBIO_SMRT,PacBio RS,SRP011814,PRJNA10736,1,10736,SRS302087,SAMN00829422,simple,7668,Strongylocentrotus purpuratus,SPUR.00,,,,,male,,no,,,,,BCM,SRA238333,,public,E4AC36CFA09660EEEF888485B41C0FD2,E65AA99DF53921626B3C7112FED23CF9
SRR1798720,2015-02-11 17:18:13,2015-02-11 17:11:51,163482,411380343,0,2516,1546,,https://sra-downloadb.be-md.ncbi.nlm.nih.gov/sos1/sra-pub-run-2/SRR1798720/SRR1798720.1,SRX873051,PZZ_NGTDRG.S.purp-A_1sA,WGS,RANDOM,GENOMIC,SINGLE,0,0,PACBIO_SMRT,PacBio RS,SRP011814,PRJNA10736,1,10736,SRS302087,SAMN00829422,simple,7668,Strongylocentrotus purpuratus,SPUR.00,,,,,male,,no,,,,,BCM,SRA238333,,public,4BC1B233A4F8EF6C6731007020A02B51,ADB569DEC18B1BE0580A5F9866058702
SRR1798721,2015-02-11 17:16:28,2015-02-11 17:10:07,163482,274680120,0,1680,1054,,https://sra-downloadb.be-md.ncbi.nlm.nih.gov/sos1/sra-pub-run-2/SRR1798721/SRR1798721.1,SRX873051,PZZ_NGTDRG.S.purp-A_1sA,WGS,RANDOM,GENOMIC,SINGLE,0,0,PACBIO_SMRT,PacBio RS,SRP011814,PRJNA10736,1,10736,SRS302087,SAMN00829422,simple,7668,Strongylocentrotus purpuratus,SPUR.00,,,,,male,,no,,,,,BCM,SRA238333,,public,9D3342A1B117C1A2B84B5495DA4BCED0,4BFE18122FFEBC500248075EC9FA34A7
SRR1798722,2015-02-11 17:18:13,2015-02-11 17:11:24,163482,371317776,0,2271,1411,,https://sra-downloadb.be-md.ncbi.nlm.nih.gov/sos1/sra-pub-run-2/SRR1798722/SRR1798722.1,SRX873051,PZZ_NGTDRG.S.purp-A_1sA,WGS,RANDOM,GENOMIC,SINGLE,0,0,PACBIO_SMRT,PacBio RS,SRP011814,PRJNA10736,1,10736,SRS302087,SAMN00829422,simple,7668,Strongylocentrotus purpuratus,SPUR.00,,,,,male,,no,,,,,BCM,SRA238333,,public,212187B5DC1069EF764D4E78D8E2B3FE,BCD0E2F6A2D77244F85765F25D31F699
SRR1798723,2015-02-11 17:16:28,2015-02-11 17:08:59,81741,263715499,0,3226,998,,https://sra-downloadb.be-md.ncbi.nlm.nih.gov/sos1/sra-pub-run-2/SRR1798723/SRR1798723.1,SRX873051,PZZ_NGTDRG.S.purp-A_1sA,WGS,RANDOM,GENOMIC,SINGLE,0,0,PACBIO_SMRT,PacBio RS,SRP011814,PRJNA10736,1,10736,SRS302087,SAMN00829422,simple,7668,Strongylocentrotus purpuratus,SPUR.00,,,,,male,,no,,,,,BCM,SRA238333,,public,7AEDC55CBECFB96CCB85656FBCCE0A31,B278B958764BCE0DEE0ABE0BD6D25F6E
SRR1798724,2015-02-11 17:16:28,2015-02-11 17:09:55,81741,344287681,0,4211,1294,,https://sra-downloadb.be-md.ncbi.nlm.nih.gov/sos1/sra-pub-run-2/SRR1798724/SRR1798724.1,SRX873051,PZZ_NGTDRG.S.purp-A_1sA,WGS,RANDOM,GENOMIC,SINGLE,0,0,PACBIO_SMRT,PacBio RS,SRP011814,PRJNA10736,1,10736,SRS302087,SAMN00829422,simple,7668,Strongylocentrotus purpuratus,SPUR.00,,,,,male,,no,,,,,BCM,SRA238333,,public,4CD00A78185F38925B5564E301A61003,A10627044216214E40617822E16099A8
SRR1798725,2015-02-11 17:16:28,2015-02-11 17:09:59,81741,317110115,0,3879,1192,,https://sra-downloadb.be-md.ncbi.nlm.nih.gov/sos1/sra-pub-run-2/SRR1798725/SRR1798725.1,SRX873051,PZZ_NGTDRG.S.purp-A_1sA,WGS,RANDOM,GENOMIC,SINGLE,0,0,PACBIO_SMRT,PacBio RS,SRP011814,PRJNA10736,1,10736,SRS302087,SAMN00829422,simple,7668,Strongylocentrotus purpuratus,SPUR.00,,,,,male,,no,,,,,BCM,SRA238333,,public,9C321D3AADC35A4FF0E75CA7E0583C79,929AC5CDB7C4788339D2837227DCE0B8
SRR1798726,2015-02-11 17:16:28,2015-02-11 17:09:05,81741,277771149,0,3398,1042,,https://sra-downloadb.be-md.ncbi.nlm.nih.gov/sos1/sra-pub-run-2/SRR1798726/SRR1798726.1,SRX873051,PZZ_NGTDRG.S.purp-A_1sA,WGS,RANDOM,GENOMIC,SINGLE,0,0,PACBIO_SMRT,PacBio RS,SRP011814,PRJNA10736,1,10736,SRS302087,SAMN00829422,simple,7668,Strongylocentrotus purpuratus,SPUR.00,,,,,male,,no,,,,,BCM,SRA238333,,public,B19FB547D084813459A3417E8F64C213,A64C7CBC2C1E78C10C80D86315C149C1
SRR1798727,2015-02-11 17:16:28,2015-02-11 17:09:09,81741,317014274,0,3878,1189,,https://sra-downloadb.be-md.ncbi.nlm.nih.gov/sos1/sra-pub-run-2/SRR1798727/SRR1798727.1,SRX873051,PZZ_NGTDRG.S.purp-A_1sA,WGS,RANDOM,GENOMIC,SINGLE,0,0,PACBIO_SMRT,PacBio RS,SRP011814,PRJNA10736,1,10736,SRS302087,SAMN00829422,simple,7668,Strongylocentrotus purpuratus,SPUR.00,,,,,male,,no,,,,,BCM,SRA238333,,public,A2E51A9DF0AB744A9BF765899643AFD1,ED07E68CCC64735A03F1FD43BEC4E5F2
SRR1798728,2015-02-11 17:16:28,2015-02-11 17:08:19,81741,231126432,0,2827,877,,https://sra-downloadb.be-md.ncbi.nlm.nih.gov/sos1/sra-pub-run-2/SRR1798728/SRR1798728.1,SRX873051,PZZ_NGTDRG.S.purp-A_1sA,WGS,RANDOM,GENOMIC,SINGLE,0,0,PACBIO_SMRT,PacBio RS,SRP011814,PRJNA10736,1,10736,SRS302087,SAMN00829422,simple,7668,Strongylocentrotus purpuratus,SPUR.00,,,,,male,,no,,,,,BCM,SRA238333,,public,0CA03F3BC0CB167F09F99086EC2944AA,D9969819F8AAD5568ACD3356A44A24FF
SRR1798729,2015-02-11 17:16:28,2015-02-11 17:08:54,81741,303481608,0,3712,1144,,https://sra-downloadb.be-md.ncbi.nlm.nih.gov/sos1/sra-pub-run-2/SRR1798729/SRR1798729.1,SRX873051,PZZ_NGTDRG.S.purp-A_1sA,WGS,RANDOM,GENOMIC,SINGLE,0,0,PACBIO_SMRT,PacBio RS,SRP011814,PRJNA10736,1,10736,SRS302087,SAMN00829422,simple,7668,Strongylocentrotus purpuratus,SPUR.00,,,,,male,,no,,,,,BCM,SRA238333,,public,2412D152BEA4B1B370A04751C3120814,1DD282E7C96BC72CFBB6FA2DCA58D30B
SRR1798730,2015-02-11 17:16:28,2015-02-11 17:07:49,81741,235763977,0,2884,899,,https://sra-downloadb.be-md.ncbi.nlm.nih.gov/sos1/sra-pub-run-2/SRR1798730/SRR1798730.1,SRX873051,PZZ_NGTDRG.S.purp-A_1sA,WGS,RANDOM,GENOMIC,SINGLE,0,0,PACBIO_SMRT,PacBio RS,SRP011814,PRJNA10736,1,10736,SRS302087,SAMN00829422,simple,7668,Strongylocentrotus purpuratus,SPUR.00,,,,,male,,no,,,,,BCM,SRA238333,,public,9B7ED22D57D3F538C5DEB20918963B79,A61B31C20304B834A39071D9DC410F18
SRR7211988,2018-10-04 00:14:28,2018-05-23 22:29:14,310440178,93132053400,310440178,300,45902,,https://sra-downloadb.be-md.ncbi.nlm.nih.gov/sos2/sra-pub-run-13/SRR7211988/SRR7211988.1,SRX4119157,CIT_GEC_SP_1,WGS,RANDOM,GENOMIC,PAIRED,0,0,ILLUMINA,Illumina HiSeq 2500,SRP011814,PRJNA10736,1,10736,SRS302087,SAMN00829422,simple,7668,Strongylocentrotus purpuratus,SPUR.00,,,,,male,,no,,,,,CALIFORNIA INSTITUTE OF TECHNOLOGY,SRA710097,,public,88F74B5B3137868226D7CCC58A29C2E6,955D8D4F50EF11095D12A92A0DEA44B7
SRR8269104,2018-11-30 19:02:34,2018-11-30 16:46:52,395264,612481575,0,1549,420,,https://sra-downloadb.be-md.ncbi.nlm.nih.gov/sos1/sra-pub-run-1/SRR8269104/SRR8269104.1,SRX5085964,CIT_10BAC,POOLCLONE,RANDOM,OTHER,SINGLE,0,0,PACBIO_SMRT,PacBio RS II,SRP011814,PRJNA10736,1,10736,SRS302087,SAMN00829422,simple,7668,Strongylocentrotus purpuratus,SPUR.00,,,,,male,,no,,,,,CALIFORNIA INSTITUTE OF TECHNOLOGY,SRA817794,,public,3F7A695C997A4755CE8E370942909FE5,87BA8BCFDA7994FBCB59497609CD9A7D

